{
  "n_sequences": 500,
  "n_families": 10,
  "linkage": "average",
  "metrics": {
    "ARI": 0.4280261004396531,
    "homogeneity": 0.5725276103135258,
    "completeness": 0.6722307533984759,
    "v_measure": 0.6183861511478665,
    "purity": 0.492,
    "silhouette": 0.413630935407129
  }
}