{
  "n_sequences": 100,
  "n_families": 10,
  "linkage": "average",
  "metrics": {
    "ARI": 0.39743941472336536,
    "homogeneity": 0.6139422742754809,
    "completeness": 0.6750166309465883,
    "v_measure": 0.6430325185669477,
    "purity": 0.52,
    "silhouette": 0.4491186680535702
  }
}