{
  "n_sequences": 400,
  "n_families": 10,
  "linkage": "average",
  "metrics": {
    "ARI": 0.4149951945042021,
    "homogeneity": 0.5562619181381008,
    "completeness": 0.6442580097197436,
    "v_measure": 0.5970349811718839,
    "purity": 0.4875,
    "silhouette": 0.4306075288303913
  }
}