{
  "n_sequences": 300,
  "n_families": 10,
  "linkage": "average",
  "metrics": {
    "ARI": 0.43604721644763134,
    "homogeneity": 0.5786018096606554,
    "completeness": 0.6552418792884556,
    "v_measure": 0.6145415995840716,
    "purity": 0.5033333333333333,
    "silhouette": 0.4108975502843955
  }
}